{
	"id" : "mto",
	"name" : "Meteomika",
	"description" : "Plugin template pour la création de plugin",
	"licence" : "AGPL",
	"author" : "Micfri",
	"require" : "3.2",
	"category" : "Meteo",
	"hasDependency" : false,
	"hasOwnDeamon" : false,
	"maxDependancyInstallTime" : 0,
	"changelog" : "https://jeedom.github.io/plugin-template/#language#/changelog",
	"documentation" : "https://jeedom.github.io/plugin-template/#language#/",
	"link" : {
		"forum":"Lien vers le forum",
		"video" : "Lien vers une video"
	},
	"language" : ["fr_FR","en_US","de_DE","sp_SP","ru_RU","id_ID","it_IT"],
	"compatibility" : ["miniplus","smart","rpi","docker","diy","mobile"]
}
